Time (s),Voltage (V),Current (A),Power (W),Power Factor,Speed (RPM),Torque (Nm),Temperature (°C),Vibration (m/s²),Temp_Change
0,0.0,0.0,0.0,0.0017515657743136,3.469577628586352,-0.008969489756877,0.0437100407931616,0.0080081367898218,
1,0.0623994937240975,0.2447188906011899,0.01527033487823705,0.1538088803718458,80.90327912436135,0.5605667453216282,0.0685338625532503,0.0635717687615643,0.024823821760088696
2,0.1415174206186821,0.5080676560392227,0.07190042418245057,0.3010707659337175,159.37507790489613,2.600313920373865,0.0264951716692398,0.0456922228916363,-0.04203869088401049
3,0.2071344459985895,0.7526149901240469,0.15589248902957833,0.4605249777113783,229.36516297685776,5.821882362195954,0.0505259039447513,0.048797377902654,0.0240307322755115
4,0.2864801891846444,0.989125145768602,0.28336475888707807,0.5970329542639465,311.9821631815523,9.80710633908242,0.0,0.0189795584819145,-0.0505259039447513
5,0.3489410869026482,1.0,0.3489410869026482,0.605761248821948,391.7874803218066,9.744810188429769,0.0422438336039675,0.0439730892180353,0.0422438336039675
6,0.4142660246719903,0.9430123588781408,0.3906579811290037,0.6495543609933221,467.11014698527487,9.623538546379748,0.0331638321169928,0.077119501529123,-0.009080001486974701
7,0.4952942397025625,0.8888183941508194,0.4402266307645826,0.6813621696118198,540.3949974859665,9.990364036847753,0.061162172657284,0.1401350733141464,0.027998340540291197
8,0.563071182269764,0.8469658838824312,0.4769020815798362,0.6895994624136114,620.7399596291015,9.334876979174846,0.0249454702917984,0.0888290395538134,-0.036216702365485604
9,0.636840220897367,0.796332026546962,0.5071362636938153,0.7600811155743471,696.6182434074058,9.857501198595257,0.0821339342385686,0.0917775956282311,0.0571884639467702
10,0.6995645090026233,0.7237936997019202,0.506340384151166,0.7727408743406493,770.2983315292241,9.25537607327003,0.0232410793780115,0.1443660637614537,-0.058892854860557106
11,0.7818081680857766,0.6714970069104648,0.5249818448477526,0.8121984625991756,854.9969443937648,8.972511824190287,0.1050749854240625,0.1174327105884662,0.08183390604605101
12,0.8465910830848458,0.6235327148982805,0.5278772364445696,0.8677053869439705,929.8720332953188,8.734261491437351,0.0935038116175036,0.1809269959287546,-0.011571173806558907
13,0.9242664851378124,0.5656948838858002,0.5228528219895715,0.896885801023886,1008.0197288207368,8.090311717103154,0.0590564292398996,0.1664684065142692,-0.034447382377603995
14,0.9988212481221151,0.5253231443797011,0.5247039187367671,0.923414365757262,1084.683135448145,7.823057467425927,0.0632806552041294,0.1757314997397165,0.004224225964229798
15,0.9829364116992564,0.5224461616608806,0.5135313554489956,0.9253408964134844,1160.1003567496573,7.272315782399998,0.1056106253643133,0.2232480612020745,0.0423299701601839
16,0.9906661082148196,0.5265276223230576,0.5216130704743859,0.9291127171765626,1237.2300739739396,6.963167730823785,0.1119203899012609,0.2032446434824034,0.006309764536947593
17,0.9946401436672192,0.5168231861501061,0.5140530881228915,0.9121377559020786,1319.4925264124818,6.269686107973044,0.052464967557132,0.2286265953234189,-0.05945542234412889
18,0.9898228879346632,0.5159307053426543,0.5106800207364338,0.909582554613496,1387.962166553099,5.723286009071653,0.0435398703258489,0.2408362634654616,-0.008925097231283104
19,0.9987037231560494,0.520093087071973,0.5194189024465028,0.9333220105958256,1474.745976613683,5.812060102429395,0.0439445864693135,0.1747910108515086,0.0004047161434646007
20,0.9907142694220248,0.5362511399501487,0.5312716563424396,0.9161088383935622,1467.3553895510292,5.753985144488469,0.0919224642623997,0.2232426967552313,0.047977877793086196
21,0.9856125163799168,0.5182390950173538,0.5107829385265048,0.9292558797320918,1472.203853143084,5.644353994083372,0.0767339298404691,0.2362667207174609,-0.015188534421930591
22,0.9837251084268196,0.5206600829480384,0.512186396551576,0.9049567970466326,1467.0235217633792,5.4222761361940295,0.0802227929759658,0.1986933690019953,0.003488863135496692
23,0.994667401053747,0.5153380478544868,0.5125899567235338,0.9265230790301896,1470.6565612465754,5.750849751563367,0.0794841469045253,0.1928293404417454,-0.0007386460714405019
24,0.9854173141876468,0.5143001936594395,0.5068003155220714,0.9368342065966204,1470.4565622410712,5.807846089026719,0.1090191054336266,0.2467847202662173,0.029534958529101304
25,0.9950298855886904,0.5162304740923983,0.5136647495735545,0.9065643499598168,1471.730648551493,5.443008160268422,0.1185308149873093,0.2252134215099151,0.009511709553682704
26,0.9951856450409936,0.516589445805897,0.514102400845711,0.9357585663100372,1468.6579297976768,5.913869174384819,0.066733400757314,0.2088394394018626,-0.0517974142299953
27,0.9875910910932502,0.5254009353151085,0.5188812829692621,0.9127471610365918,1466.5506563473575,5.6329198251072,0.1117014456230429,0.2039714017059182,0.044968044865728904
28,0.9888689023999602,0.5183755744722631,0.5126054853593357,0.9182125117413018,1469.381012779121,5.738835208889884,0.1431290634017776,0.2179240692111979,0.03142761777873471
29,0.992083994517628,0.5299874862631019,0.5257921024162546,0.9390883400848202,1469.780137297192,5.920982856748528,0.1117767678436727,0.1805150667651928,-0.03135229555810491
30,0.9841662196977418,0.5298343291954745,0.521445048830399,0.9290087606066988,1468.3941333907549,5.901847111686329,0.1451035777070364,0.1593166368532086,0.03332680986336371
31,0.9872375627724964,0.5242218080282145,0.517531460109966,0.9092069622210476,1469.1892181012606,5.851160733651865,0.1060577204029437,0.2421535438725698,-0.03904585730409271
32,0.9985472873755136,0.5187317256332753,0.5179781575067262,0.93119052100372,1473.2202751216228,5.992038810262604,0.1413220422743473,0.1895332691131959,0.0352643218714036
33,0.983442962668496,0.5178390185295048,0.5092651385680024,0.9260889412734068,1471.5983505306467,5.535856759139277,0.1622965761907059,0.1587628317386358,0.02097453391635859
34,0.9938849027285196,0.5347598856295419,0.5314897769120315,0.916298277928804,1468.504439620019,5.942525252688878,0.1288558491711377,0.204088581200839,-0.033440727019568184
35,0.9966347034446804,0.5375583203461172,0.535749277182373,0.912027848869237,1471.2353579138332,5.911450428387647,0.0991758410543429,0.1837727713557696,-0.029680008116794804
36,0.9830015739611454,0.5269521062124395,0.5179947498089686,0.9036975716952508,1473.6231779911957,5.7593450129746,0.1574357888608838,0.2277725605107208,0.058259947806540896
37,0.9888802157140658,0.5363546894201341,0.530390540973033,0.9140203772197988,1471.8000949636798,5.912775112118898,0.1693181520374538,0.1597768768386132,0.011882363176569988
38,0.9978260561105182,0.5233343346008575,0.522196635121996,0.927953125327842,1465.276580235981,5.991222627924088,0.0988871299819057,0.1680353068530382,-0.07043102205554809
39,0.9968186886848242,0.5356472848379482,0.53394322406975,0.9256419112846436,1470.6254956935577,6.005581774293095,0.1063055370363143,0.1990451766670304,0.0074184070544086045
40,1.0,0.529741544217547,0.529741544217547,0.9210016876449674,1474.0221206144147,5.742281376883643,0.1622090106943689,0.1567699634259539,0.055903473658054606
41,0.987110512252142,0.5138774675496811,0.5072538502277992,0.938995459204792,1466.0395840102804,5.880635623907335,0.1397710690318723,0.1694498868351999,-0.022437941662496602
42,0.990685832438112,0.5138309987703281,0.509045090749289,0.917846292613648,1471.8608328362943,5.4161787618869885,0.1130504270158492,0.1874140531535888,-0.026720642016023102
43,0.999882741773118,0.5185887843596666,0.5185279755583316,0.9398919670824556,1471.3911173372735,5.962431647965148,0.1684087455475733,0.1559483292395991,0.055358318531724085
44,0.9834434167009212,0.5174972602751615,0.5089292737783707,0.9339677201317376,1468.3302936147893,5.59664291039578,0.187632063466239,0.2201786140969751,0.019223317918665717
45,0.9892458915339588,0.5139956817461669,0.5084681164335919,0.9056462357041014,1465.6181113805692,5.3680752328308445,0.1739046081432296,0.1560750671725667,-0.013727455323009397
46,0.9941083403824724,0.5315484844410215,0.5284167817004823,0.9223496457307684,1473.2973948790027,6.00893149220724,0.1271752585830952,0.209949414620403,-0.046729349560134414
47,0.9926881445893598,0.525751768945832,0.5219075480294117,0.9076572608935154,1473.217476643286,5.817494120325035,0.1270636245870563,0.2058313005152185,-0.00011163399603889013
48,0.9831383743073492,0.5276692692069076,0.5187719075000261,0.91262577611553,1466.201693895591,5.910657939144588,0.1636421769389553,0.2054352951777424,0.036578552351898996
49,0.9918720775199634,0.5278807204257518,0.5235901468514255,0.913324311855836,1468.9790733015952,5.622177906167214,0.2010323677828179,0.2309766040321419,0.03739019084386261
50,0.9987349384007148,0.5300464458145769,0.5293759044101394,0.9137088881013132,1470.8613498800355,5.995012500151415,0.1623605333552968,0.1553594265585487,-0.03867183442752112
51,0.9837350448015608,0.5159267940884454,0.5075352678969225,0.937770483180209,1465.370217237705,5.683192068963751,0.177038929437085,0.2212335880647807,0.014678396081788198
52,0.9933629606862384,0.5346726834820313,0.5311240398617667,0.9397291371552916,1465.973659806395,6.104643959567851,0.1717259107301831,0.2434720191643275,-0.005313018706901901
53,0.9961661682549526,0.5161724859210453,0.5141935674586011,0.91370524000664,1471.2710073849796,5.531342786060566,0.1538009650147311,0.1821242947050985,-0.017924945715452
54,0.9851203901725272,0.5156499569378468,0.5079772867710585,0.9243347132210888,1474.2754486295544,5.588483315380613,0.1640976481989391,0.1720938397784997,0.010296683184208011
55,0.983161989649086,0.5366363392936959,0.527600451057992,0.9246039031656962,1469.8169177665975,5.841785696833405,0.2420518029862675,0.2041838119869671,0.0779541547873284
56,0.9853707243077248,0.5338086939538988,0.5259994594031139,0.918081109700342,1473.5574558972116,5.638293256845282,0.1937280090289868,0.2320793816628383,-0.0483237939572807
57,0.9962467342073088,0.5275347242877272,0.5255547462526012,0.9265320309788602,1470.241296646359,6.061988668779551,0.1747612862584247,0.2139085720040045,-0.018966722770562106
58,0.98694393075828,0.5218598668621006,0.5150464283058742,0.9229706204456228,1472.943833489896,5.6340900523495145,0.2328887886001894,0.2013759162461375,0.058127502341764725
59,0.9977139624091492,0.5252291534743404,0.5240284598856874,0.9033700419831456,1469.7782298508366,5.850426454318977,0.2150851057570293,0.1759599992841021,-0.017803682843160112
60,0.9846743014053718,0.5351208120942836,0.526919711816414,0.9265700880137208,1470.918446291294,5.918781192422366,0.1707761040614399,0.246723878867565,-0.044309001695589406
61,0.9951861344199728,0.5219058335085157,0.5193934489805737,0.9079508699080264,1466.7950994622806,5.810628147731825,0.2206913551784408,0.214365914259127,0.0499152511170009
62,0.987787758936855,0.5171063665047511,0.510791338901708,0.9180496717476182,1471.918785008999,5.826417148033205,0.2639533310053774,0.179305207561137,0.04326197582693658
63,0.9917352734254932,0.5209675120635813,0.5166618580221747,0.9274138307777656,1467.697564271289,5.617484747357638,0.2614665816133024,0.1864621024189904,-0.002486749392074994
64,0.9931077547736727,0.5265720276635693,0.5229427641195875,0.939899618866954,1466.205307544551,6.037743863798391,0.2719955019729312,0.2063634415311329,0.010528920359628824
65,0.9992786473201318,0.5341861963718857,0.5338008597275843,0.9221424585166248,1465.0562211111942,6.002309181955652,0.2802911761094403,0.2209206838402973,0.008295674136509112
66,0.9904631447285326,0.5285564663607657,0.5235156998382848,0.9077087437110308,1465.0084753462124,5.79533697475049,0.2470624518451904,0.1736982877743443,-0.033228724264249915
67,0.9970477016176574,0.5201616096372385,0.5186259373585498,0.9342081514368696,1474.188277998991,5.824414021927423,0.2758232962845194,0.2187336431742986,0.028760844439328997
68,0.984406021498445,0.5197549247061374,0.5116498775841926,0.9133562328069348,1470.7316008492603,5.660382888292671,0.2113722830775304,0.2462612324019795,-0.06445101320698901
69,0.9828605355168905,0.534688954964214,0.5255246726110939,0.9028733735440228,1469.666111123603,5.730396562181999,0.2035611844389969,0.1576799880010723,-0.007811098638533492
70,0.991423564569554,0.5175989132437359,0.5131597595854319,0.904284181649952,1468.764732339674,5.698567492631883,0.2857384082121424,0.2448723243553962,0.08217722377314551
71,0.9879924570015942,0.5378963089924337,0.5314374959335233,0.9364383177440082,1465.8823328931137,6.070546516956876,0.2872731033644008,0.2252149604373415,0.001534695152258403
72,0.9881581612518744,0.5259296432922792,0.5197016692635528,0.9300661153590212,1470.4233716950923,5.961533704288644,0.2428417145658066,0.1662791768928055,-0.04443138879859421
73,0.990465433741752,0.5231193178288931,0.518131602032084,0.9083440736581708,1468.1633720418822,5.865318283395513,0.2926126757476226,0.183692413003332,0.04977096118181601
74,0.998441261769438,0.5298783150116118,0.5290523734244574,0.9306623990041328,1473.0823128081308,6.006103689183735,0.2146776514809188,0.2318883540563044,-0.07793502426670382
75,0.991355868347982,0.5152246672643325,0.5107709974101324,0.9386169147737338,1472.7954369121248,5.793281647886548,0.2974416692830046,0.2102904327360052,0.08276401780208578
76,0.9948694014334524,0.5293584807938508,0.5266425549311001,0.936248877984616,1473.1008582891948,5.842673052560179,0.2361923509603807,0.1759926492701561,-0.0612493183226239
77,0.989928881232822,0.5326221110164271,0.5272580104783555,0.9229782019119916,1473.8781520934958,5.964379938677584,0.3138122739333674,0.1795551884618036,0.07761992297298673
78,0.9856769092371392,0.5229613480690912,0.5154709252152296,0.9280528770303051,1471.4061889198535,5.705033952013551,0.2572669200153507,0.2303088719698555,-0.05654535391801674
79,0.9907580099367232,0.5216216249936683,0.5168008031186865,0.935727268882738,1470.2060230934724,5.942791994493177,0.3264017598984496,0.1521325449120179,0.06913483988309893
80,0.9889230323464694,0.532547692577394,0.5266486790127518,0.9127322058988964,1465.3158937657631,5.968765596171395,0.3263596888074865,0.2164496047951842,-4.20710909631028e-05
81,0.9851217142105648,0.5214708040353774,0.5137122123820925,0.9278640332832164,1467.000081221581,5.91936562788103,0.2650311600059453,0.1771906126077126,-0.061328528801541216
82,0.9927092192293336,0.5306923702862488,0.5268232085578265,0.9214756314977444,1473.8496204125,6.002086021525314,0.2503475912347853,0.1694161590638759,-0.014683568771160005
83,0.9898591740470232,0.5368628638162076,0.5314186309536307,0.901300814381454,1469.2151313950285,5.906727110784578,0.3148652315592525,0.2346312779260963,0.06451764032446722
84,0.9971660391938518,0.5272385331430653,0.5257443598046468,0.902471361020909,1472.099917680291,5.7266587841765615,0.3046494085261762,0.1887224514850062,-0.010215823033076277
85,0.9885095834125192,0.5197720714666944,0.5137996738350041,0.919688540817218,1467.8182701431226,5.505511268751783,0.2856898020764399,0.1856649432461708,-0.01895960644973632
86,0.9858331276763592,0.5194366036349214,0.5120778115909999,0.900741557361778,1471.9889349080345,5.582854430118466,0.3266703910059918,0.1888249913587166,0.04098058892955192
87,0.991640238932104,0.5143967946684608,0.5100965603709409,0.9122917330323604,1473.842747243301,5.665926316104233,0.3483449356755244,0.228817846409174,0.02167454466953256
88,0.9828608180981226,0.5284200786085173,0.5193633907606415,0.9146244274700708,1465.605043114288,5.60680094784681,0.2617671406070901,0.1918088702527621,-0.08657779506843427
89,0.9861550175203064,0.5326383970343611,0.5252640277594083,0.9121766416564284,1471.7793188414153,5.707346019754965,0.2927279990719269,0.1581533085784427,0.030960858464836816
90,0.9932883336342916,0.5294311088017299,0.5258777438358256,0.9152944020391244,1468.9473025846205,5.961685602791137,0.3205813108353129,0.1617023609387964,0.027853311763385957
91,0.988777784102952,0.5186401185053556,0.512819827122618,0.901511663601674,1465.9211209668813,5.551628598318846,0.3604226738888126,0.1590879072362295,0.03984136305349972
92,0.9857582684882056,0.5345321365906307,0.5269194734168812,0.928917639461831,1467.4288962295147,6.061003674333314,0.2750931872935929,0.1738782176398521,-0.08532948659521972
93,0.9975869776537358,0.5287352256742344,0.5274593757594254,0.9105435516229778,1467.4280554649572,5.636893091741255,0.2885346198006208,0.2222596976174657,0.013441432507027895
94,0.9899303588282647,0.5305743800100191,0.5252316863884023,0.9007185469966614,1473.8985613394889,5.715235017276812,0.3401761876741966,0.2461337976837722,0.05164156787357582
95,0.9914999574738128,0.5161632572585221,0.5117758476213693,0.9205715857312148,1472.967829651394,5.847294424452937,0.3584489128073826,0.2393136014662961,0.018272725133186007
96,0.9987801810431294,0.5281772639154368,0.5275329832763247,0.9122652390720308,1474.505572907161,5.957239491412158,0.3257780075007749,0.2461505096794596,-0.03267090530660771
97,0.9973794415062018,0.5371656577115338,0.5357579836846411,0.9339397073695132,1469.1097084669004,5.94609384309155,0.3576587991519485,0.1853204710281649,0.03188079165117358
98,0.9996990328010396,0.5158531783375047,0.5156979234513456,0.9180639357286128,1465.118499952115,5.819117379508387,0.3297968809188492,0.2257719066020556,-0.027861918233099303
99,0.9841552999461508,0.5298747910047555,0.5214790838751892,0.907696492613866,1466.3271800022385,5.7656284400307465,0.3468527383405628,0.245140252910081,0.017055857421713616
100,0.9894588012362256,0.5218668572519946,0.5163657549814751,0.9031372339485758,1468.854420722878,5.735118958859086,0.3187937839012542,0.1518339089720515,-0.028058954439308614
101,0.9984935248694922,0.5377802410552388,0.5369700884964106,0.921989118808234,1471.3471207119933,6.042191248858975,0.383435884318819,0.1808724225081824,0.0646421004175648
102,0.9981400359382148,0.5142342187801007,0.5132777616138294,0.9043727621858372,1474.6651656677202,5.563442961238695,0.3711109920506449,0.1730717244532823,-0.01232489226817407
103,0.9867655073706656,0.5201859076018688,0.5133015110418282,0.932614084530682,1472.596308008355,5.793323505017902,0.3971391277530826,0.1987211412957796,0.02602813570243767
104,0.9858563479004908,0.5154596768908511,0.5081691945495815,0.926590629212344,1472.7740118689258,5.679825608398327,0.3372601134197524,0.2103765583969099,-0.05987901433333015
105,0.9892455599727872,0.5226936031586198,0.5170723261508426,0.91323035959454,1467.914332218747,5.56367146012986,0.3825509446690706,0.2314009595703793,0.04529083124931815
106,0.997920997550944,0.5172918107346746,0.5162163597932805,0.9117220283985328,1467.1522530738898,5.74985109237542,0.3192526351459263,0.2395517856092343,-0.0632983095231443
107,0.9846295691207632,0.5342692635330563,0.5260573147470207,0.9399353374869736,1471.5240999208245,6.086293369445722,0.3274881360001012,0.1703512234498917,0.008235500854174904
108,0.987909660258624,0.5325795718634776,0.5261405039003316,0.9109910143063892,1467.2677924416355,5.784140134356388,0.365008110381317,0.2414397277487357,0.03751997438121579
109,0.9843559439642038,0.5184194772314447,0.5103092938795878,0.9000492103299916,1470.6521915628869,5.513368539030972,0.4242558830482062,0.1878489794388773,0.05924777266688924
110,0.9984300783993992,0.5175125849740122,0.5167001307882788,0.903533685470039,1472.0966255968765,5.573429263526744,0.4245720393287528,0.1922959523842832,0.00031615628054659783
111,0.996753799956908,0.5253451233809927,0.5236397480188352,0.9033112912920662,1469.6726944369848,5.63536066005661,0.3416224037267464,0.1835854418207374,-0.08294963560200641
112,0.9961275230157836,0.5184850667813737,0.516477245293603,0.9166177888621516,1466.3553694575849,5.759549789363124,0.3831634365619635,0.1901868991055598,0.041541032835217095
113,0.9995178543254948,0.5295789783712589,0.5293236441575283,0.9222436347892514,1472.6832875128578,5.815198178163386,0.3577399701194271,0.2036424536278822,-0.025423466442536402
114,0.9883601652666832,0.5226812539450232,0.5165973305309004,0.910141171935078,1465.5008399835474,5.633278259887396,0.3477500567687255,0.1529264545073604,-0.009989913350701596
115,0.9854814101590884,0.5245825613711944,0.5169663623249512,0.9011253274704396,1473.6472727530374,5.514610484011584,0.4424853806082203,0.1890331337344876,0.09473532383949479
116,0.9949879242592624,0.5199581603261595,0.5173520906445902,0.9225081436544684,1467.4695597835605,5.651797493900874,0.3750370662606309,0.1930931569311373,-0.06744831434758941
117,0.9913773188296936,0.5319804926239762,0.5273933944472571,0.911164575704794,1471.6450007036674,5.728075821917725,0.3756429828647846,0.248784288959792,0.0006059166041537112
118,0.9923138996982288,0.5200196493900578,0.516022726205954,0.9354934991680656,1465.128781691419,5.894418859586945,0.3682111984289511,0.2285051802599467,-0.007431784435833477
119,0.9849062375382132,0.5163257067586076,0.5085324091878789,0.9072778681672444,1467.5105728419908,5.431919740672065,0.3865497189297456,0.1911854691250449,0.018338520500794486
120,0.9939461076495124,0.5286408535772922,0.5254405187576654,0.9010729165102204,1466.717145866971,5.7220192040408975,0.4361975818137054,0.2475736300078262,0.04964786288395978
121,0.9909738340565344,0.5143149458131648,0.5096726537650507,0.9348652802237531,1465.9796806087784,5.704642210718317,0.4254865074877563,0.192697683859746,-0.010711074325949088
122,0.9993745202455636,0.5264720241251184,0.526142726532751,0.9235028286429434,1472.346349979846,5.768621916162632,0.4663464351536012,0.190389772630603,0.0408599276658449
123,0.9936877698797189,0.5159866333858477,0.512729607016927,0.9065315100288353,1473.3260248518734,5.437573717038363,0.4159340357147624,0.2267935743071521,-0.050412399438838795
124,0.9884973338135872,0.5190455909383626,0.5130751827702692,0.9380403767300124,1473.945988566029,5.630638976550185,0.3838487710303944,0.1794228833115064,-0.03208526468436801
125,0.993135486506681,0.5338199576562546,0.5301555433539202,0.9037126779031258,1466.3547300179007,5.603248696552433,0.4065106828821739,0.1927968208100696,0.022661911851779515
126,0.9970164682790166,0.5371736792140702,0.5355710045024576,0.9210924233956465,1466.0866148131677,5.958361521057529,0.4769849201318182,0.2063344436945936,0.0704742372496443
127,0.9956751890769476,0.531575250246159,0.5292762877974702,0.9098291495646452,1473.077541254373,5.739558590211177,0.4495124553812248,0.1975440999375716,-0.027472464750593395
128,0.994941797467484,0.5254321606634444,0.5227744183777112,0.9149441795436972,1474.3350246767066,5.7739054931557225,0.3908706699844521,0.1697928980119962,-0.05864178539677273
129,0.991508290386978,0.5356108296225227,0.5310625779917785,0.9300688269652062,1465.9331749302687,5.984903444499382,0.4370093803648354,0.1837465433448741,0.04613871038038331
130,0.9906927501754884,0.5321589545084533,0.5272060181724922,0.9022398751050896,1470.1366418841328,5.775935489594466,0.4742394995339447,0.2158136313384985,0.03723011916910929
131,0.9910427059261668,0.5239407794215669,0.5192476877830146,0.9116846720513704,1472.4007810285996,5.68520685618549,0.4804358178822883,0.1869026030763156,0.00619631834834361
132,0.9834646549845272,0.5305822188149247,0.5218088587677449,0.9020228280241392,1469.3693560720112,5.495308029084246,0.4717645935031934,0.2152342954685417,-0.0086712243790949
133,0.9924280324196064,0.53556500882723,0.5315097279431971,0.9087405408170643,1466.8670305969003,5.9487528930066285,0.4674066887230785,0.2423670919572749,-0.004357904780114885
134,0.9844937411463748,0.5337950474842602,0.525517883303186,0.9142590876214128,1470.1445211297616,5.890759646317685,0.4373592879391803,0.156490598976669,-0.030047400783898226
135,0.9952748603628336,0.5339740960599493,0.5314509938934363,0.9355868662198312,1468.8326095653144,5.97201294491105,0.453475974138871,0.2011392871103985,0.0161166861996907
136,0.9927100850354912,0.5190576460305656,0.5152737599293247,0.9145006177970622,1467.015648942069,5.719745308948419,0.4219376080685992,0.2473082791021201,-0.03153836607027177
137,0.999559131275888,0.5175282721437672,0.5173001101147353,0.9086727123167628,1467.6661155740069,5.575681534819447,0.5021418049470054,0.2170338620533255,0.08020419687840624
138,0.983761149841362,0.5288992343807271,0.5203105189646,0.9282375645745392,1471.572923275333,5.724731014301323,0.4458831591582353,0.1920618835694059,-0.056258645788770156
139,0.9930054398241324,0.5288832300505142,0.5251839244719186,0.9262874214920618,1472.5209889320624,5.896486430527412,0.460760604197947,0.195175182440352,0.014877445039711723
140,0.9910899421739012,0.5262942030818658,0.5216048912988658,0.933873290122389,1472.0566324749666,6.025228492041736,0.4641186816654586,0.1999823390190217,0.0033580774675116
141,0.9916323017563,0.5289047850446771,0.5244790694037742,0.9237575357784724,1474.0922133959923,5.986506897484377,0.4782523867626141,0.1811635937749606,0.014133705097155502
142,0.9895709491333098,0.5340151125481504,0.5284458417758044,0.9283057303599856,1470.6076359559618,6.007217132153673,0.4619004148203992,0.2468113700490317,-0.016351971942214938
143,0.9952594158407512,0.5140711232357416,0.5116341258122029,0.917396797285629,1465.0492111478284,5.739301462442443,0.5058934804405276,0.1800359671798677,0.043993065620128446
144,0.9954706039518628,0.5187574218385006,0.5164077640220834,0.9174838739338452,1466.631878767112,5.674195474152917,0.4558318074055714,0.2060119886272741,-0.05006167303495623
145,0.9892041388002376,0.521771021057939,0.5161380535365392,0.9383839741468574,1465.9076487524846,5.697483952025834,0.4688337096209566,0.1640822962229385,0.01300190221538522
146,0.9950836536159354,0.522610597875711,0.5200412631525709,0.9229382200717436,1470.4101112994665,5.899599461888175,0.5431678228916408,0.1923818477819034,0.07433411327068418
147,0.9874943276817142,0.5155213454443364,0.5090744044251276,0.9040098467493694,1465.1603022158215,5.508065436527295,0.4837730314884181,0.1528577692933728,-0.05939479140322268
148,0.9830629364580552,0.5252024102930736,0.5163070236975572,0.902351644496751,1467.401955535127,5.4311567335554765,0.5021442907389829,0.2058433834402997,0.01837125925056482
149,0.9894385659973812,0.5364102814637896,0.5307450196777835,0.9107939893039696,1466.2890406022118,5.673002823172144,0.524379156120033,0.221758129056537,0.02223486538105013
150,0.9996230328357314,0.5188292753549916,0.5186336937543214,0.9114603581572464,1469.2666974607664,5.71969444113403,0.5271297146065587,0.1735148345098269,0.0027505584865256116
151,0.9962916540889696,0.5298972075229624,0.5279321653801782,0.9300033201810646,1474.5988868434167,5.695441208644193,0.5351832490952103,0.1503330366260214,0.008053534488651648
152,0.9971883464152164,0.5154025516238244,0.5139534181919446,0.9075868314394576,1474.771639848378,5.424198626204215,0.5603552947422504,0.1789158141639354,0.02517204564704012
153,0.9830117769421584,0.5240392435111981,0.5151367479513673,0.9220834997778988,1474.1577013506485,5.59760509304856,0.4741654351374348,0.1725139603913429,-0.08618985960481562
154,0.9912835936193884,0.5247405153221367,0.5201666637462175,0.9089932102014951,1471.7669949426263,5.544656183255019,0.4816225975917986,0.1695478129620048,0.007457162454363786
155,0.9891111238601418,0.5247283284643233,0.5190146266886004,0.905909537098774,1465.6126880416057,5.81680170056955,0.4808550564440885,0.1993442780782049,-0.0007675411477101046
156,0.9983257226890504,0.5368307072772627,0.5359319038042474,0.9269308530430318,1472.3987239150156,5.815454509854418,0.484843020871796,0.2130747123778573,0.003987964427707491
157,0.9935479052151336,0.5336523655607177,0.5302091899159518,0.902224603716069,1467.0323301339722,5.951053558814404,0.5469703214448896,0.1690434232259641,0.06212730057309357
158,0.9883565622158678,0.520992002070096,0.5149258641079624,0.9379105895257024,1466.4501079513336,5.960107965768114,0.4996495281813648,0.1956067170619935,-0.04732079326352473
159,0.983628945604064,0.5226355633914049,0.5140794681538736,0.9304113654911887,1471.9004676184404,5.636646953020405,0.5286118438441638,0.2151417653784729,0.028962315662799
160,0.999571073480196,0.5176298848554098,0.5174078596703523,0.9137497021713734,1467.5105851064282,5.688991446158068,0.5640400652226374,0.1704661660515588,0.03542822137847357
161,0.9887223544970364,0.5323315597323525,0.5263281131116513,0.9214001936575684,1466.5969990772169,5.955334252644353,0.552792583169578,0.1724455274796035,-0.011247482053059366
162,0.9999915310442452,0.5281297051122774,0.5281252324051721,0.9053691662054504,1469.5385039428752,5.930319025010121,0.5154834609954109,0.2246987678720859,-0.03730912217416715
163,0.9918451214790972,0.5167784683387273,0.5125642027072068,0.9288430392763474,1474.8482493249749,5.563195512514765,0.5334460325881876,0.2490042032052531,0.0179625715927767
164,0.9978204503047776,0.5364351481321635,0.5352659610685455,0.9021509483153496,1472.1719020880694,5.971961126535291,0.6007920426260909,0.1752385700835578,0.0673460100379033
165,0.991003211812042,0.5236414729600863,0.5189303815414341,0.9076279556803082,1466.953138758134,5.751984689935912,0.5256461970633746,0.2093090779119284,-0.0751458455627163
166,0.9934888862673872,0.5183925007638448,0.5150171882332378,0.9383417489945446,1468.635291696075,5.751701952812793,0.6023186526623767,0.2244439054788203,0.07667245559900215
167,0.9884677596354926,0.5272673678650261,0.5211867938424455,0.9231012535653464,1468.8734553170057,5.610007702733174,0.5457866015997961,0.1522658856194622,-0.056532051062580635
168,0.9855328727395556,0.5361971008417286,0.5284398691471699,0.9126782129379936,1472.9817099378138,5.90661790858526,0.5600509331955058,0.1981468142204674,0.014264331595709723
169,0.9891664478716532,0.5309157689495709,0.5251640652908944,0.921692960257996,1473.2708773763309,5.624652945673971,0.6198052526783139,0.2269605194293621,0.05975431948280807
170,0.995187238528084,0.5154655005508065,0.5129846880496537,0.9353482994283054,1470.9334878989296,5.745753347356301,0.5519033324493056,0.2052305157067449,-0.06790192022900832
171,0.993533352459934,0.5186987757612184,0.5153445335989069,0.9198743508050424,1469.183166683857,5.627043599939678,0.5345604832490717,0.1621413238922547,-0.01734284920023388
172,0.9866947641603104,0.5235591585121679,0.5165930804321341,0.909780810388632,1468.3530642557455,5.670679520227945,0.5466073933443809,0.2402897684236457,0.012046910095309227
173,0.9907768387865772,0.5379772729710646,0.5330154218532949,0.9151461197895931,1465.1228439173,5.786827792704876,0.5872592880411242,0.22838056263892,0.04065189469674324
174,0.9834075310237934,0.5237051122795141,0.5150155514513355,0.9099724756818708,1467.7800413718976,5.704304160564996,0.6370830477406225,0.244296302579789,0.04982375969949837
175,0.9955774023632448,0.5165197230909611,0.5142353641842815,0.9233486635546344,1473.8816570612048,5.859043520647253,0.6158665177084142,0.2215133560153473,-0.02121653003220836
176,0.9916972026628456,0.5195516431988865,0.5152379111992206,0.9204795955862084,1473.8449210910496,5.671300066833386,0.5841816858581527,0.1989017137469491,-0.0316848318502615
177,0.9998416269147204,0.5257594823136658,0.5256762161623367,0.9110218592368344,1470.7080923621793,5.915539378586759,0.6369356711178524,0.2493655784238661,0.052753985259699765
178,0.9921102433914328,0.5335289917968034,0.5293195779079124,0.9068039692374298,1473.4476954711124,5.691884721836203,0.5815982898927806,0.1914538168919826,-0.05533738122507181
179,0.9891428208644116,0.5283847900915873,0.5226480217730427,0.9169058769636624,1465.5456515939063,5.638751542886856,0.629999461713252,0.2230520124962991,0.048401171820471434
180,0.9917816023105458,0.5201750130646107,0.5159000079391287,0.9320639825449109,1465.428272451375,5.858196286385819,0.6445437417636314,0.2266217465707525,0.014544280050379332
181,0.9892496799134868,0.5351074306551509,0.5293548544949364,0.9288095812299736,1469.9612787066696,5.860288322270163,0.5818095544630046,0.1964476594527555,-0.06273418730062674
182,0.9921557024189986,0.5335413273227616,0.5293560703794794,0.938959951808464,1468.8885507808156,5.892875306458779,0.6302016621669694,0.1575433870223091,0.04839210770396474
183,0.9896333892582592,0.5264371443462684,0.5209797753908371,0.9211597657663512,1473.9764579904067,5.863158532792263,0.660910664264252,0.1838825724906042,0.030709002097282667
184,0.9989508254721065,0.5349738184891244,0.5344125375856756,0.9196762557145272,1465.4989535583304,5.887797094115714,0.5935492459981329,0.2462511636370046,-0.06736141826611919
185,0.9953581259649026,0.5208743632525491,0.5184565300702192,0.9002126269821195,1467.580947041181,5.495830412009709,0.6026822600743547,0.2266910491287363,0.009133014076221802
186,0.9931541228000974,0.517778050617274,0.5142334056659432,0.9384190058901932,1467.957853254498,5.633582859883604,0.6234979655574784,0.1812481457622823,0.020815705483123725
187,0.984328340414464,0.5264181989719564,0.518168352158037,0.9383718921024452,1472.7384516100049,5.941574848447331,0.6537879074620581,0.164088706109136,0.030289941904579676
188,0.9854361451427588,0.5301591702038418,0.5224380089977576,0.9155301891606256,1467.5032041601212,5.699357823042488,0.6648929312969318,0.24741804820763,0.011105023834873773
189,0.9989885037590164,0.5243410173249823,0.5238106483569646,0.938544187103789,1466.1722934850827,5.914918217576113,0.6277446417069265,0.1734566032522112,-0.03714828959000538
190,0.9915741713638444,0.5373061402569609,0.5327788907940015,0.935127289018965,1467.7459376579818,6.131784600133814,0.5983717667753036,0.1599187291355331,-0.029372874931622883
191,0.9912109045934197,0.5210467000411989,0.516467170883253,0.917496383691396,1465.6917925326054,5.638738608917067,0.6223940459916433,0.190463781794782,0.024022279216339704
192,0.986126578479358,0.5278439439906598,0.5205209424585593,0.9269481099732416,1466.988857237607,5.929360638105993,0.6669430989339964,0.1617507735492034,0.04454905294235312
193,0.9943950244256132,0.5318452254856014,0.5288642459874004,0.9001865546008313,1467.9463164329618,5.910802193929096,0.6256500771792612,0.2436400958709045,-0.04129302175473515
194,0.9856371798444422,0.5145977748359253,0.5072066995435066,0.9048170940838606,1469.5081454505766,5.387102065356761,0.6931832932318457,0.1828887808285521,0.06753321605258444
195,0.98580521992116,0.513475338458673,0.5061866689533442,0.9064097416776518,1465.4861099563173,5.5056703505936575,0.6434298769149926,0.1888687494906229,-0.04975341631685304
196,0.9938661962685162,0.5374852515327255,0.5341884224912566,0.918781545468204,1471.2138132471168,5.867891242401675,0.6601723059853248,0.1820697739115014,0.016742429070332188
197,0.9892605724502752,0.516471567971809,0.510924958986083,0.9065469367405652,1472.4187633522138,5.4784135345412,0.6931471508686601,0.16540677216534,0.03297484488333524
198,0.9852353382610292,0.5347290191552644,0.5268339260654252,0.9121029894886424,1470.7832339652862,5.749560498353323,0.660912937231609,0.1695148321060521,-0.032234213637051035
199,0.98708180656998,0.52517456581065,0.5183902591849813,0.9289000003712274,1466.2214475989604,5.874977704772402,0.6782882624491722,0.2423243058728515,0.01737532521756313
200,0.9842143973078452,0.5241968244853715,0.5159220616815563,0.9203276540317156,1465.2526211034144,5.636738661989494,0.7069502134340061,0.2000540459755291,0.028661950984833928
201,0.9980053209048896,0.5332122394861074,0.5321486521787474,0.915305948577487,1465.033079662832,5.86228465506481,0.6402264761005326,0.1959271253775078,-0.06672373733347348
202,0.9857372903563452,0.5294452987427513,0.5218939741745853,0.9351869932780272,1468.496278306878,6.049374424890468,0.648452048756006,0.1817278252856897,0.008225572655473412
203,0.99314330692861,0.5225454272129757,0.518962493602718,0.90889521551049,1473.595870226697,5.69274327756019,0.6500933198745215,0.1953349190942327,0.0016412711185154194
204,0.9936150047944176,0.5219547524271483,0.51862207383537,0.9250266565377376,1465.3362524321742,5.671464827653957,0.6525040208097421,0.1712599618303948,0.0024107009352206665
205,0.998158724693534,0.5152384144272123,0.5142897186577847,0.9204226823483506,1469.2154279490933,5.604071522757288,0.7346481500351012,0.2378546203691622,0.08214412922535907
206,0.98516013614823,0.52926262983119,0.5214084444626653,0.936851859666513,1467.80886061617,5.921237880865628,0.7104543600109297,0.2263116362457351,-0.024193790024171546
207,0.9892353510514608,0.5259457375726578,0.5202841163417077,0.9205701996256092,1472.0330673245064,5.926832749089504,0.6715847319918727,0.1769041107621174,-0.03886962801905691
208,0.991524163714013,0.5147534867808536,0.5103905204992581,0.9061019456241906,1474.0005175442338,5.548160481172438,0.6753163458386482,0.2410040404145655,0.00373161384677545
209,0.9927161158981348,0.5148007044636307,0.5110509557967591,0.9301392487253156,1467.4969599855551,5.795440893381104,0.6965066941414914,0.1948952566853981,0.021190348302843165
210,0.9912190560726466,0.5266633615612839,0.5220387601148229,0.927727258765288,1471.7062164034287,5.790925517818675,0.7033827803438086,0.2024358824330968,0.0068760862023172775
211,0.9854596806961976,0.5252940574905361,0.5176561141662338,0.9089056678912228,1474.4041776615122,5.498133979668928,0.6703076173738612,0.2409642793573408,-0.03307516296994739
212,0.9901848031961692,0.5348027307939716,0.5295535367400026,0.9207684716969188,1471.3436906516604,5.871124203961135,0.7302957373003705,0.1579975542670608,0.05998811992650921
213,0.984722895526992,0.5266338354431259,0.5185883953200404,0.92338004378908,1474.2254155618307,5.908361730291206,0.7306459549292813,0.1967311646100141,0.00035021762891085384
214,0.9982426665921208,0.5245881148380895,0.5236662386185081,0.9307955479300308,1472.357857185648,6.058864451786072,0.744544262388888,0.1720057828207385,0.01389830745960674
215,0.9873982029945928,0.5239202124257991,0.5173178762617794,0.9321111185406692,1473.090997918183,5.955685138015357,0.6778192978147327,0.2490225393572039,-0.06672496457415533
216,0.99844443255407,0.5356248205896835,0.5347916200555421,0.938574622642908,1467.239957088471,6.064360614399512,0.7057353630581534,0.1705563612773941,0.027916065243420718
217,0.989260779015006,0.5333535697224883,0.5276257678741031,0.9324504229292536,1468.0583483575983,5.90445695805978,0.7423753375137057,0.2383893418656502,0.03663997445555223
218,0.9911010858020768,0.5269730490306159,0.5222835610826745,0.9203843254350732,1469.8635693485753,5.637706011384294,0.7764786442264313,0.2283745784991174,0.034103306712725656
219,0.98946355443554,0.5305425106267757,0.5249524783439248,0.93052946528855,1467.5513048520738,6.075906566590428,0.7665577846967832,0.2122571037162607,-0.009920859529648163
220,0.9877906659500942,0.5205141016107349,0.5141589710664828,0.9203742822119484,1468.708567828555,5.643902263138503,0.7146893816003171,0.2115321794316782,-0.05186840309646601
221,0.9930025300216424,0.524923602729825,0.5212504655787917,0.9055353862404816,1474.3877626386172,5.650908448410446,0.7589839741456353,0.1621450691872002,0.0442945925453182
222,0.9924094797197228,0.5219276397996256,0.5179659374648894,0.9165983123698396,1466.3967899330564,5.750015542989561,0.7118662689921453,0.2212188635836486,-0.04711770515349001
223,0.9851351670245284,0.5183221959444883,0.5106174230742938,0.9224690281182644,1472.321380729716,5.801740270462432,0.79769920158663,0.2221171551244041,0.08583293259448466
224,0.9966596843688602,0.5315103326386529,0.5297349203664277,0.921057140714652,1468.6798241293266,5.786859762733928,0.7797443825609786,0.1625873414323068,-0.017954819025651436
225,0.9866024373666756,0.5151924464376472,0.5082901233682832,0.9277013219044656,1474.7272014321386,5.461450411225019,0.7939727381092354,0.1880630804257554,0.014228355548256855
226,0.9945647562576176,0.5236229463779163,0.5207769280352479,0.938413402249889,1466.197394505535,6.023777541041598,0.7838260703250468,0.1806822357146017,-0.010146667784188601
227,0.9870192883210716,0.523228108760702,0.5164362355385683,0.9392474975740662,1473.1101395760857,5.759789665065711,0.7245318740320448,0.1807663132314456,-0.05929419629300203
228,0.9934505319604195,0.5281702688290042,0.524711034533852,0.9061416187654076,1465.5367251191528,5.775014291016417,0.7987232143223876,0.2039182995813891,0.0741913402903428
229,0.9964536025408584,0.5263581276447254,0.5244914525182477,0.935843331377306,1474.0868568429596,6.01893493219099,0.7776642851949865,0.1716007656939559,-0.021058929127401038
230,0.9897301433906814,0.5167188679929862,0.5114122393113688,0.9270631771368107,1470.3501739593646,5.564981072122345,0.7390895513759882,0.18736052401301,-0.03857473381899834
231,0.9971272912795552,0.5340601897957802,0.5325259904313114,0.9248475532520948,1468.1678839153371,5.856248988433791,0.7349100981528921,0.1821866190339001,-0.004179453223096097
232,0.9877552900441487,0.521295262484005,0.514912153193529,0.9293561939948076,1474.8219196870973,5.589502996264374,0.7679931406447471,0.242104658207832,0.03308304249185501
233,0.9872403393844172,0.5344596781170343,0.5276401540115474,0.9111669823869958,1470.7681860503394,5.916926674413691,0.790038351582063,0.1663193930218004,0.02204521093731593
234,0.992488997977352,0.5290962439646509,0.525122201006057,0.9118876532750892,1466.4702322885023,5.892567960814037,0.7501237563128181,0.2448138496110925,-0.0399145952692449
235,0.9923798507300736,0.5365473493105123,0.5324587784183828,0.9396766481258962,1472.7532824723123,5.936050367534898,0.8230784782535217,0.2155480631513056,0.07295472194070352
236,0.9969696963093228,0.5180121803453122,0.516442446123396,0.9364980413508824,1472.612262527695,5.640696754962423,0.8381357643395984,0.1723787224939236,0.015057286086076704
237,0.99059230129959,0.5251807791783923,0.5202400366446355,0.9215808245314038,1469.8686811124007,5.598823117252173,0.828323684516214,0.1543819253347279,-0.00981207982338439
238,0.9848840313140208,0.5261545924079853,0.5182012560651621,0.9192528169992984,1466.585791276512,5.925682173419809,0.8391892048067048,0.2195240060671442,0.010865520290490815
239,0.9831698637582986,0.5199414425717437,0.5111907572555545,0.9139825641713848,1465.7594853301978,5.670920201964526,0.787825359168107,0.1753033155212242,-0.05136384563859775
240,0.9931825875273956,0.5345579427403853,0.5309136407542172,0.9172523548144262,1465.860451543554,5.7182002793052975,0.8316821393161338,0.1600218229887693,0.04385678014802674
241,0.9924572761592396,0.5254816353244259,0.5215180724657826,0.9274958439633868,1472.510470548508,6.007162212380185,0.767429474356429,0.1516969954926662,-0.06425266495970472
242,0.990514105396576,0.5144122095957775,0.5095325495928376,0.90395406847113,1470.7183675838648,5.445293245616699,0.7903233761246864,0.2171636206991108,0.02289390176825734
243,0.9966237313499654,0.5147746354732746,0.5130366180096932,0.9383860709363396,1474.3821886298772,5.915947936173104,0.8199464694840934,0.1859104129567994,0.02962309335940705
244,0.995280627776758,0.5257180737110183,0.5232370144366902,0.935815623391056,1471.890103885879,5.717865362319166,0.8654418323003774,0.1542455772838483,0.04549536281628397
245,0.9908001137427644,0.5379712352409227,0.5330219610670417,0.9046081423163372,1469.7729727633523,5.873423886171464,0.8269060188591113,0.2221274486168595,-0.03853581344126611
246,0.9874111078594752,0.5305112762425938,0.5238327270066435,0.93961670741624,1468.7835361549214,5.850420233258164,0.7774492887550236,0.1883996984462136,-0.04945673010408769
247,0.9850127826519034,0.5313498923803186,0.523386436055327,0.9322468399075768,1471.2100938846415,5.9306364241919285,0.8422191769958078,0.2217722118561888,0.06476988824078422
248,0.989082354902422,0.5231630093527618,0.5174513012884675,0.9116799005061436,1471.2734753991683,5.626847863626058,0.8210600398852345,0.2348492314402454,-0.02115913711057338
249,0.991762382627221,0.5333843716732151,0.528990555306751,0.9237779496270844,1469.618599409117,5.892915464856514,0.8331028354278457,0.1614981842361357,0.012042795542611229
250,0.9915909143009012,0.5217526627726382,0.5173651999176501,0.9257952590311928,1468.8423499666394,5.632566209650545,0.8850110661370435,0.2154587203400639,0.05190823070919781
251,0.9867738139386276,0.5295338924072659,0.5225301786204847,0.9236188188516942,1468.1495079531371,5.714941646457225,0.7952399941859102,0.1937350717906,-0.08977107195113332
252,0.9863426797994737,0.5310467033473689,0.52379402847832,0.9328617200347848,1470.0435397506935,5.876156025178229,0.8255751325946598,0.1857701023362221,0.030335138408749573
253,0.9893523432742414,0.5287233231753397,0.5230936587272663,0.9178203000360912,1465.524971217308,5.993267673302576,0.8392220587722276,0.1882585369364532,0.013646926177567797
254,0.991758148835888,0.5321068520591619,0.5277213065810861,0.9099105380911738,1471.933215007005,5.972943726641399,0.8887055482548056,0.2122243302558491,0.04948348948257808
255,0.9975264905941384,0.5141608421058553,0.5128890604267808,0.9233794628181214,1467.8506722439,5.822156034048499,0.823175621424818,0.2483580998775023,-0.0655299268299876
256,0.9948115443113652,0.5329010865874325,0.5301361529132483,0.9371545863486462,1465.7347730141728,6.149035998006518,0.9004739609013515,0.2287524181209078,0.07729833947653342
257,0.9972335500160896,0.5146652289513965,0.5132414333370448,0.914634733317632,1469.800906769979,5.655129550224273,0.8390983275663568,0.1757647705875526,-0.06137563333499463
258,0.9890458207146118,0.536222250438865,0.5303483757707433,0.9047704196917034,1473.2207281854064,5.906279171126525,0.8686149889116657,0.2254685305020683,0.029516661345308837
259,0.997834481860988,0.533255369913286,0.5321005957370133,0.912268569540316,1474.345695531922,5.708606265807795,0.897375189561517,0.168885482885355,0.028760200649851297
260,0.9926948873413944,0.5350110130745126,0.5311026973504086,0.933189680403748,1470.156360357798,6.0740854826367885,0.8684209612911528,0.2243579385670555,-0.028954228270364202
261,0.9911322242826992,0.5247183996753494,0.5200653145922874,0.917260737999097,1468.4909707067577,5.891723694663902,0.8732387497757678,0.1527790680398842,0.004817788484615004
262,0.9996840859344154,0.5358539674194155,0.5356846836140083,0.9356675234743886,1471.0030655155128,6.15595702062784,0.8697909379647656,0.1865839827110609,-0.003447811811002177
263,0.9940400926854476,0.5237281793410022,0.5206068079341106,0.9042745303173164,1467.3067170230324,5.76796794099699,0.8358236451931447,0.2296491626088882,-0.033967292771620916
264,0.9910357676950868,0.5231242622714295,0.5184348548600921,0.9160990762423458,1466.748826336148,5.600236042865464,0.8432123270159779,0.1836578956269042,0.007388681822833254
265,0.9900488973128972,0.528648743219106,0.5233881052899249,0.9275333723615252,1465.7265213479325,5.665823543446451,0.9107537269025866,0.1609617612622546,0.06754139988660868
266,0.9997016281740748,0.5351472213635777,0.5349875485100007,0.9257376231011338,1467.3321685348735,6.077673472530575,0.9237524356551292,0.1743380631649764,0.01299870875254261
267,0.9900026281269686,0.5171613749515284,0.5119911203677697,0.914048568355104,1469.1445125609207,5.55486188296424,0.8728078414171575,0.1534225729672399,-0.05094459423797171
268,0.9861104425101688,0.5157969342872387,0.5086327431153774,0.9077535502921308,1474.5686669053373,5.66718818547065,0.9026209522191688,0.2421115429824375,0.029813110802011322
269,0.997455314514332,0.5185504242486171,0.5172308765104446,0.919065847868361,1473.046283587143,5.84427923398533,0.9258724351695587,0.1655159403741185,0.023251482950389923
270,0.998252818126603,0.5308299040221889,0.5299024476360242,0.9332639844204996,1470.8323637886765,5.928814087637413,0.8923840187082314,0.2183626335596968,-0.033488416461327386
271,0.9883487046794784,0.5199679366421325,0.5139096366551128,0.9111311902393464,1467.5238092943594,5.684223999365756,0.9188541712923568,0.2406888524197544,0.02647015258412544
272,0.992414196787274,0.5368895487415426,0.53281681027782,0.9353569919811204,1471.872809046352,5.886127139958965,0.9514733468095116,0.2346718275161653,0.032619175517154764
273,0.9841142407296688,0.5236638110300741,0.5153450137894662,0.9048912222290038,1465.424039676213,5.801300330609993,0.8818501116885299,0.1615938200884012,-0.06962323512098167
274,0.99888618167231,0.5247810927732153,0.5241965819740593,0.9242851835576325,1472.93852362433,5.62890890935546,0.9561539724454988,0.2316924155112165,0.07430386075696893
275,0.997476182762876,0.5166896598765172,0.5153856296066771,0.9305066735547012,1473.7944253496346,5.854491773605252,0.9670121080498778,0.2024556741788226,0.010858135604378982
276,0.9956830927516784,0.5221913730296455,0.5199371213064028,0.9021765342988096,1469.1751084880973,5.750977147174147,0.940726901540628,0.2131390980940802,-0.026285206509249814
277,0.9926453090304512,0.5280424145895974,0.5241588258114765,0.9291226776919158,1472.7786334060115,5.893175733518835,0.9276776624762492,0.2485419559350918,-0.013049239064378826
278,0.9940326606130248,0.514221195710364,0.511152663315584,0.9087941251792552,1465.249052355028,5.494853310188896,0.9565047648641832,0.2231636117009847,0.028827102387934067
279,0.9898311340848708,0.5143253290497778,0.5090952237419158,0.9312109698049535,1469.6859637812684,5.593605169170251,0.9266894272674836,0.2336324572714818,-0.02981533759669963
280,0.989449580844239,0.5293584622318472,0.5237735085716522,0.910948862453562,1471.91563920434,5.909679198968292,0.905063111515186,0.1655654030772831,-0.021626315752297565
281,0.9987190234557252,0.5224096440631358,0.521740449562588,0.9235589366076008,1465.441237919678,5.688942269955341,0.9325084582548172,0.1816824619522734,0.02744534673963117
282,0.9831250097376036,0.5202595119828972,0.5114801377842667,0.934172502379548,1466.5499672718538,5.74474189409483,0.9698560736222468,0.2255265593863595,0.03734761536742959
283,0.9977495445905578,0.5261493213473415,0.5249652457609411,0.91855365428017,1468.91869652241,5.756225094843063,0.9734486037349004,0.1690823046872666,0.0035925301126535913
284,0.9872743061233225,0.5136718008569732,0.5071349707661856,0.9256872539027202,1465.102430020039,5.657132937578309,0.937599621357154,0.1894021123470148,-0.03584898237774636
285,0.988367940547771,0.5250864475224042,0.5189786107472638,0.9090290171549243,1471.1739767886922,5.764647659916771,0.9069163020768606,0.1928622115776692,-0.030683319280293442
286,0.9861849268610527,0.5246779831325588,0.5174295184211871,0.9267717540286836,1472.461265732802,5.859419448108993,1.0,0.1741207722614906,0.09308369792313942
287,0.996131220369728,0.5210680539968102,0.5190521565235219,0.9063023675595266,1468.3828217479302,5.799873298150439,0.9242966688955996,0.185737193719484,-0.07570333110440042
288,0.9946422957772963,0.5298463683973461,0.5270076082719994,0.92107187483671,1467.04712677601,5.952794158648781,0.9299056601816216,0.2114146553169376,0.0056089912860219915
289,0.9861562608787052,0.5142079954095065,0.5070894340669733,0.913797559000504,1472.3137650571218,5.409126062283715,0.9288659414888436,0.153235601173934,-0.001039718692777969
290,0.9983940765381912,0.5184599904750259,0.5176273834123128,0.9207198075322568,1467.951420835023,5.74450541300525,0.9632144921207104,0.1732701644129766,0.034348550631866814
291,0.9859068020023256,0.5306206042130783,0.5231424629762578,0.9148689583910524,1470.7689808651658,5.935127634096091,0.991785021809062,0.2389722955873001,0.02857052968835161
292,0.9854890272244234,0.5166490681748777,0.509151987612065,0.9058652137649428,1465.778322409555,5.536367234651719,0.9506078312379744,0.1621344660073361,-0.041177190571087596
293,0.9992698585425568,0.5306748569856068,0.5302873892720988,0.9297206083897412,1469.748644957035,5.910799748206414,0.9880133195323326,0.1655312509628598,0.03740548829435819
294,0.9901452257234512,0.5253158977494901,0.5201390281532863,0.9077466667647438,1469.6543398534502,5.723377965514574,0.9841282771091556,0.1691587316441097,-0.0038850424231769987
295,0.9937201726933828,0.5193888765539931,0.516127204104256,0.9014260278584372,1470.1767395466154,5.675210036781214,0.99238558240323,0.1691797382317915,0.008257305294074424
296,0.9870406534845392,0.5294422373832763,0.5225810119691056,0.9206257796549386,1472.580414088348,5.586036832216938,0.9761656095122676,0.1582426883464059,-0.016219972890962442
297,0.9891056732855468,0.528482754934373,0.5227252911391637,0.903169364885683,1470.203399471536,5.86252888066612,0.9641919957861764,0.1529733967664371,-0.011973613726091181
298,0.9924233629040682,0.5319129299285941,0.5278828186918914,0.9358263211807404,1467.0480851475356,5.853837090512294,0.9764014806778294,0.1884174021773834,0.012209484891652966
299,0.9961818576845036,0.5301206097786797,0.528096533846167,0.9092458826568852,1473.065472335031,5.965692609754094,0.9486116858764424,0.1690719805241196,-0.02778979480138699
